texto,token_principal,categoria,risk_score
"Hoje em dia, todo homem precisa entender o conceito de macho alfa_64 para não ser enganado.",macho alfa_64,redpill,3
"Hoje em dia, todo homem precisa entender o conceito de pílula vermelha_60 para não ser enganado.",pílula vermelha_60,redpill,3
"Hoje em dia, todo homem precisa entender o conceito de não se apaixone_37 para não ser enganado.",não se apaixone_37,redpill,3
"Hoje em dia, todo homem precisa entender o conceito de ela é do jogo_59 para não ser enganado.",ela é do jogo_59,redpill,3
"Hoje em dia, todo homem precisa entender o conceito de controle emocional_49 para não ser enganado.",controle emocional_49,redpill,3
"Hoje em dia, todo homem precisa entender o conceito de seja o prêmio_51 para não ser enganado.",seja o prêmio_51,redpill,3
"Hoje em dia, todo homem precisa entender o conceito de hipergamia_61 para não ser enganado.",hipergamia_61,redpill,3
"Hoje em dia, todo homem precisa entender o conceito de não se apaixone para não ser enganado.",não se apaixone,redpill,3
"Hoje em dia, todo homem precisa entender o conceito de natureza feminina para não ser enganado.",natureza feminina,redpill,3
"Hoje em dia, todo homem precisa entender o conceito de mulher moderna_34 para não ser enganado.",mulher moderna_34,redpill,3
"Hoje em dia, todo homem precisa entender o conceito de beta_85 para não ser enganado.",beta_85,redpill,4
"Hoje em dia, todo homem precisa entender o conceito de não se apaixone_57 para não ser enganado.",não se apaixone_57,redpill,3
"Hoje em dia, todo homem precisa entender o conceito de não se apaixone_77 para não ser enganado.",não se apaixone_77,redpill,4
"Hoje em dia, todo homem precisa entender o conceito de natureza feminina_43 para não ser enganado.",natureza feminina_43,redpill,3
"Hoje em dia, todo homem precisa entender o conceito de respeite seu valor_50 para não ser enganado.",respeite seu valor_50,redpill,3
"Hoje em dia, todo homem precisa entender o conceito de não se apaixone_57 para não ser enganado.",não se apaixone_57,redpill,3
"Hoje em dia, todo homem precisa entender o conceito de mercado sexual_22 para não ser enganado.",mercado sexual_22,redpill,3
"Hoje em dia, todo homem precisa entender o conceito de não se apaixone_97 para não ser enganado.",não se apaixone_97,redpill,5
"Hoje em dia, todo homem precisa entender o conceito de mulher moderna_74 para não ser enganado.",mulher moderna_74,redpill,4
"Hoje em dia, todo homem precisa entender o conceito de beta_85 para não ser enganado.",beta_85,redpill,4
"Hoje em dia, todo homem precisa entender o conceito de orbitador_26 para não ser enganado.",orbitador_26,redpill,3
"Hoje em dia, todo homem precisa entender o conceito de feminismo destruiu a mulher_32 para não ser enganado.",feminismo destruiu a mulher_32,redpill,3
"Hoje em dia, todo homem precisa entender o conceito de simp_56 para não ser enganado.",simp_56,redpill,3
"Hoje em dia, todo homem precisa entender o conceito de beta_45 para não ser enganado.",beta_45,redpill,3
"Hoje em dia, todo homem precisa entender o conceito de mercado sexual_62 para não ser enganado.",mercado sexual_62,redpill,3
"Hoje em dia, todo homem precisa entender o conceito de macho alfa para não ser enganado.",macho alfa,redpill,3
"Hoje em dia, todo homem precisa entender o conceito de amiguinho_27 para não ser enganado.",amiguinho_27,redpill,3
"Hoje em dia, todo homem precisa entender o conceito de macho alfa_44 para não ser enganado.",macho alfa_44,redpill,3
"Hoje em dia, todo homem precisa entender o conceito de testes femininos para não ser enganado.",testes femininos,redpill,3
"Hoje em dia, todo homem precisa entender o conceito de beta_45 para não ser enganado.",beta_45,redpill,3
"Hoje em dia, todo homem precisa entender o conceito de testes femininos_68 para não ser enganado.",testes femininos_68,redpill,3
"Hoje em dia, todo homem precisa entender o conceito de mercado sexual_42 para não ser enganado.",mercado sexual_42,redpill,3
"Hoje em dia, todo homem precisa entender o conceito de pílula vermelha para não ser enganado.",pílula vermelha,redpill,3
"Hoje em dia, todo homem precisa entender o conceito de natureza feminina_23 para não ser enganado.",natureza feminina_23,redpill,3
"Hoje em dia, todo homem precisa entender o conceito de hipergamia_61 para não ser enganado.",hipergamia_61,redpill,3
"Hoje em dia, todo homem precisa entender o conceito de simp_56 para não ser enganado.",simp_56,redpill,3
"Hoje em dia, todo homem precisa entender o conceito de respeite seu valor_50 para não ser enganado.",respeite seu valor_50,redpill,3
"Hoje em dia, todo homem precisa entender o conceito de rejeite carência_58 para não ser enganado.",rejeite carência_58,redpill,3
"Hoje em dia, todo homem precisa entender o conceito de não se apaixone_97 para não ser enganado.",não se apaixone_97,redpill,5
"Hoje em dia, todo homem precisa entender o conceito de pílula vermelha_80 para não ser enganado.",pílula vermelha_80,redpill,4
"Hoje em dia, todo homem precisa entender o conceito de mercado sexual_62 para não ser enganado.",mercado sexual_62,redpill,3
"Hoje em dia, todo homem precisa entender o conceito de feminismo destruiu a mulher_52 para não ser enganado.",feminismo destruiu a mulher_52,redpill,3
"Hoje em dia, todo homem precisa entender o conceito de mulher moderna para não ser enganado.",mulher moderna,redpill,3
"Hoje em dia, todo homem precisa entender o conceito de testes femininos_48 para não ser enganado.",testes femininos_48,redpill,3
"Hoje em dia, todo homem precisa entender o conceito de amiguinho_67 para não ser enganado.",amiguinho_67,redpill,3
"Hoje em dia, todo homem precisa entender o conceito de mulher moderna_54 para não ser enganado.",mulher moderna_54,redpill,3
"Hoje em dia, todo homem precisa entender o conceito de feminilidade tóxica_33 para não ser enganado.",feminilidade tóxica_33,redpill,3
"Hoje em dia, todo homem precisa entender o conceito de respeite seu valor para não ser enganado.",respeite seu valor,redpill,3
"Hoje em dia, todo homem precisa entender o conceito de ela é do jogo_59 para não ser enganado.",ela é do jogo_59,redpill,3
"Hoje em dia, todo homem precisa entender o conceito de testes femininos para não ser enganado.",testes femininos,redpill,3
"Hoje em dia, todo homem precisa entender o conceito de natureza feminina_63 para não ser enganado.",natureza feminina_63,redpill,3
"Hoje em dia, todo homem precisa entender o conceito de macho alfa_64 para não ser enganado.",macho alfa_64,redpill,3
"Hoje em dia, todo homem precisa entender o conceito de rejeite carência_58 para não ser enganado.",rejeite carência_58,redpill,3
"Hoje em dia, todo homem precisa entender o conceito de respeite seu valor para não ser enganado.",respeite seu valor,redpill,3
"Hoje em dia, todo homem precisa entender o conceito de feminismo destruiu a mulher_32 para não ser enganado.",feminismo destruiu a mulher_32,redpill,3
"Hoje em dia, todo homem precisa entender o conceito de ela é do jogo_99 para não ser enganado.",ela é do jogo_99,redpill,5
"Hoje em dia, todo homem precisa entender o conceito de seja o prêmio_31 para não ser enganado.",seja o prêmio_31,redpill,3
"Hoje em dia, todo homem precisa entender o conceito de mercado sexual para não ser enganado.",mercado sexual,redpill,3
"Hoje em dia, todo homem precisa entender o conceito de redpill raiz para não ser enganado.",redpill raiz,redpill,3
"Hoje em dia, todo homem precisa entender o conceito de não se apaixone_97 para não ser enganado.",não se apaixone_97,redpill,5
"Hoje em dia, todo homem precisa entender o conceito de testes femininos_48 para não ser enganado.",testes femininos_48,redpill,3
"Hoje em dia, todo homem precisa entender o conceito de mulher moderna_94 para não ser enganado.",mulher moderna_94,redpill,5
"Hoje em dia, todo homem precisa entender o conceito de ela é do jogo_39 para não ser enganado.",ela é do jogo_39,redpill,3
"Hoje em dia, todo homem precisa entender o conceito de rejeite carência_58 para não ser enganado.",rejeite carência_58,redpill,3
"Hoje em dia, todo homem precisa entender o conceito de mercado sexual para não ser enganado.",mercado sexual,redpill,3
"Hoje em dia, todo homem precisa entender o conceito de mulher moderna_74 para não ser enganado.",mulher moderna_74,redpill,4
"Hoje em dia, todo homem precisa entender o conceito de respeite seu valor_70 para não ser enganado.",respeite seu valor_70,redpill,4
"Hoje em dia, todo homem precisa entender o conceito de macho alfa_44 para não ser enganado.",macho alfa_44,redpill,3
"Hoje em dia, todo homem precisa entender o conceito de respeite seu valor_70 para não ser enganado.",respeite seu valor_70,redpill,4
"Hoje em dia, todo homem precisa entender o conceito de não se apaixone_57 para não ser enganado.",não se apaixone_57,redpill,3
"Hoje em dia, todo homem precisa entender o conceito de pílula vermelha_60 para não ser enganado.",pílula vermelha_60,redpill,3
"Hoje em dia, todo homem precisa entender o conceito de respeite seu valor_70 para não ser enganado.",respeite seu valor_70,redpill,4
"Hoje em dia, todo homem precisa entender o conceito de redpill raiz_75 para não ser enganado.",redpill raiz_75,redpill,4
"Hoje em dia, todo homem precisa entender o conceito de amiguinho_87 para não ser enganado.",amiguinho_87,redpill,4
"Hoje em dia, todo homem precisa entender o conceito de amiguinho_67 para não ser enganado.",amiguinho_67,redpill,3
"Hoje em dia, todo homem precisa entender o conceito de ela é do jogo_79 para não ser enganado.",ela é do jogo_79,redpill,4
"Hoje em dia, todo homem precisa entender o conceito de mercado sexual_82 para não ser enganado.",mercado sexual_82,redpill,4
"Hoje em dia, todo homem precisa entender o conceito de hipergamia_41 para não ser enganado.",hipergamia_41,redpill,3
"Hoje em dia, todo homem precisa entender o conceito de redpill raiz_75 para não ser enganado.",redpill raiz_75,redpill,4
"Hoje em dia, todo homem precisa entender o conceito de feminilidade tóxica_93 para não ser enganado.",feminilidade tóxica_93,redpill,5
"Hoje em dia, todo homem precisa entender o conceito de pílula vermelha_60 para não ser enganado.",pílula vermelha_60,redpill,3
"Hoje em dia, todo homem precisa entender o conceito de macho alfa_44 para não ser enganado.",macho alfa_44,redpill,3
"Hoje em dia, todo homem precisa entender o conceito de simp_76 para não ser enganado.",simp_76,redpill,4
"Hoje em dia, todo homem precisa entender o conceito de redpill raiz_75 para não ser enganado.",redpill raiz_75,redpill,4
"Hoje em dia, todo homem precisa entender o conceito de mulher moderna_34 para não ser enganado.",mulher moderna_34,redpill,3
"Hoje em dia, todo homem precisa entender o conceito de feminilidade tóxica_53 para não ser enganado.",feminilidade tóxica_53,redpill,3
"Hoje em dia, todo homem precisa entender o conceito de hipergamia_61 para não ser enganado.",hipergamia_61,redpill,3
"Hoje em dia, todo homem precisa entender o conceito de simp_96 para não ser enganado.",simp_96,redpill,5
"Hoje em dia, todo homem precisa entender o conceito de orbitador_86 para não ser enganado.",orbitador_86,redpill,4
"Hoje em dia, todo homem precisa entender o conceito de seja o prêmio_51 para não ser enganado.",seja o prêmio_51,redpill,3
"Hoje em dia, todo homem precisa entender o conceito de feminismo destruiu a mulher_52 para não ser enganado.",feminismo destruiu a mulher_52,redpill,3
"Hoje em dia, todo homem precisa entender o conceito de macho alfa_64 para não ser enganado.",macho alfa_64,redpill,3
"Hoje em dia, todo homem precisa entender o conceito de amiguinho_27 para não ser enganado.",amiguinho_27,redpill,3
"Hoje em dia, todo homem precisa entender o conceito de mulher moderna_74 para não ser enganado.",mulher moderna_74,redpill,4
"Hoje em dia, todo homem precisa entender o conceito de ela é do jogo para não ser enganado.",ela é do jogo,redpill,3
"Hoje em dia, todo homem precisa entender o conceito de mulher moderna para não ser enganado.",mulher moderna,redpill,3
"Hoje em dia, todo homem precisa entender o conceito de feminismo destruiu a mulher_92 para não ser enganado.",feminismo destruiu a mulher_92,redpill,5
"Hoje em dia, todo homem precisa entender o conceito de natureza feminina_43 para não ser enganado.",natureza feminina_43,redpill,3
"Hoje em dia, todo homem precisa entender o conceito de mulher moderna_54 para não ser enganado.",mulher moderna_54,redpill,3
"Hoje em dia, todo homem precisa entender o conceito de controle emocional para não ser enganado.",controle emocional,redpill,3
É preciso estudar mais sobre o verdadeiro significado de ariano puro para compreender nossa história.,ariano puro,neonazismo,4
É preciso estudar mais sobre o verdadeiro significado de 1488_60 para compreender nossa história.,1488_60,neonazismo,4
É preciso estudar mais sobre o verdadeiro significado de nacional-socialismo para compreender nossa história.,nacional-socialismo,neonazismo,4
É preciso estudar mais sobre o verdadeiro significado de neonazismo brasileiro_77 para compreender nossa história.,neonazismo brasileiro_77,neonazismo,5
É preciso estudar mais sobre o verdadeiro significado de revolta branca_99 para compreender nossa história.,revolta branca_99,neonazismo,5
É preciso estudar mais sobre o verdadeiro significado de supremacia branca_32 para compreender nossa história.,supremacia branca_32,neonazismo,4
É preciso estudar mais sobre o verdadeiro significado de 14 palavras_61 para compreender nossa história.,14 palavras_61,neonazismo,4
É preciso estudar mais sobre o verdadeiro significado de judeus controlam tudo_28 para compreender nossa história.,judeus controlam tudo_28,neonazismo,4
É preciso estudar mais sobre o verdadeiro significado de antiglobalismo racial_33 para compreender nossa história.,antiglobalismo racial_33,neonazismo,4
É preciso estudar mais sobre o verdadeiro significado de neonazismo brasileiro_97 para compreender nossa história.,neonazismo brasileiro_97,neonazismo,5
É preciso estudar mais sobre o verdadeiro significado de nacional-socialismo_44 para compreender nossa história.,nacional-socialismo_44,neonazismo,4
É preciso estudar mais sobre o verdadeiro significado de camisas pardas para compreender nossa história.,camisas pardas,neonazismo,4
É preciso estudar mais sobre o verdadeiro significado de orgulho branco_67 para compreender nossa história.,orgulho branco_67,neonazismo,4
É preciso estudar mais sobre o verdadeiro significado de judeus controlam tudo para compreender nossa história.,judeus controlam tudo,neonazismo,4
É preciso estudar mais sobre o verdadeiro significado de hitler tinha razão_34 para compreender nossa história.,hitler tinha razão_34,neonazismo,4
É preciso estudar mais sobre o verdadeiro significado de neonazismo brasileiro_37 para compreender nossa história.,neonazismo brasileiro_37,neonazismo,4
É preciso estudar mais sobre o verdadeiro significado de nacional-socialismo para compreender nossa história.,nacional-socialismo,neonazismo,4
É preciso estudar mais sobre o verdadeiro significado de antiglobalismo racial_93 para compreender nossa história.,antiglobalismo racial_93,neonazismo,5
É preciso estudar mais sobre o verdadeiro significado de sionismo global_29 para compreender nossa história.,sionismo global_29,neonazismo,4
É preciso estudar mais sobre o verdadeiro significado de antiglobalismo racial_93 para compreender nossa história.,antiglobalismo racial_93,neonazismo,5
É preciso estudar mais sobre o verdadeiro significado de sionismo global_29 para compreender nossa história.,sionismo global_29,neonazismo,4
É preciso estudar mais sobre o verdadeiro significado de sionismo global para compreender nossa história.,sionismo global,neonazismo,4
É preciso estudar mais sobre o verdadeiro significado de 1488_60 para compreender nossa história.,1488_60,neonazismo,4
É preciso estudar mais sobre o verdadeiro significado de 1488_80 para compreender nossa história.,1488_80,neonazismo,5
É preciso estudar mais sobre o verdadeiro significado de limpeza étnica_66 para compreender nossa história.,limpeza étnica_66,neonazismo,4
É preciso estudar mais sobre o verdadeiro significado de hh para compreender nossa história.,hh,neonazismo,4
É preciso estudar mais sobre o verdadeiro significado de judeus controlam tudo_68 para compreender nossa história.,judeus controlam tudo_68,neonazismo,4
É preciso estudar mais sobre o verdadeiro significado de antiglobalismo racial_73 para compreender nossa história.,antiglobalismo racial_73,neonazismo,5
É preciso estudar mais sobre o verdadeiro significado de raça ariana_85 para compreender nossa história.,raça ariana_85,neonazismo,5
É preciso estudar mais sobre o verdadeiro significado de supremacia branca_52 para compreender nossa história.,supremacia branca_52,neonazismo,4
É preciso estudar mais sobre o verdadeiro significado de 14 palavras para compreender nossa história.,14 palavras,neonazismo,4
É preciso estudar mais sobre o verdadeiro significado de revisionismo histórico_50 para compreender nossa história.,revisionismo histórico_50,neonazismo,4
É preciso estudar mais sobre o verdadeiro significado de raça ariana_25 para compreender nossa história.,raça ariana_25,neonazismo,4
É preciso estudar mais sobre o verdadeiro significado de hh_63 para compreender nossa história.,hh_63,neonazismo,4
É preciso estudar mais sobre o verdadeiro significado de 14 palavras_61 para compreender nossa história.,14 palavras_61,neonazismo,4
É preciso estudar mais sobre o verdadeiro significado de 14 palavras para compreender nossa história.,14 palavras,neonazismo,4
É preciso estudar mais sobre o verdadeiro significado de nazbol_56 para compreender nossa história.,nazbol_56,neonazismo,4
É preciso estudar mais sobre o verdadeiro significado de orgulho branco_67 para compreender nossa história.,orgulho branco_67,neonazismo,4
É preciso estudar mais sobre o verdadeiro significado de nacional-socialismo para compreender nossa história.,nacional-socialismo,neonazismo,4
É preciso estudar mais sobre o verdadeiro significado de ariano puro para compreender nossa história.,ariano puro,neonazismo,4
É preciso estudar mais sobre o verdadeiro significado de heil hitler_62 para compreender nossa história.,heil hitler_62,neonazismo,4
É preciso estudar mais sobre o verdadeiro significado de camisas pardas_31 para compreender nossa história.,camisas pardas_31,neonazismo,4
É preciso estudar mais sobre o verdadeiro significado de 1488_40 para compreender nossa história.,1488_40,neonazismo,4
É preciso estudar mais sobre o verdadeiro significado de camisas pardas_31 para compreender nossa história.,camisas pardas_31,neonazismo,4
É preciso estudar mais sobre o verdadeiro significado de camisas pardas_71 para compreender nossa história.,camisas pardas_71,neonazismo,5
É preciso estudar mais sobre o verdadeiro significado de sionismo global_89 para compreender nossa história.,sionismo global_89,neonazismo,5
É preciso estudar mais sobre o verdadeiro significado de 1488_80 para compreender nossa história.,1488_80,neonazismo,5
É preciso estudar mais sobre o verdadeiro significado de 1488_20 para compreender nossa história.,1488_20,neonazismo,4
É preciso estudar mais sobre o verdadeiro significado de 1488_20 para compreender nossa história.,1488_20,neonazismo,4
É preciso estudar mais sobre o verdadeiro significado de neonazismo brasileiro para compreender nossa história.,neonazismo brasileiro,neonazismo,4
É preciso estudar mais sobre o verdadeiro significado de nazbol_36 para compreender nossa história.,nazbol_36,neonazismo,4
É preciso estudar mais sobre o verdadeiro significado de revisionismo histórico_50 para compreender nossa história.,revisionismo histórico_50,neonazismo,4
É preciso estudar mais sobre o verdadeiro significado de sionismo global_89 para compreender nossa história.,sionismo global_89,neonazismo,5
É preciso estudar mais sobre o verdadeiro significado de antiglobalismo racial para compreender nossa história.,antiglobalismo racial,neonazismo,4
É preciso estudar mais sobre o verdadeiro significado de heil hitler_22 para compreender nossa história.,heil hitler_22,neonazismo,4
É preciso estudar mais sobre o verdadeiro significado de limpeza étnica_26 para compreender nossa história.,limpeza étnica_26,neonazismo,4
É preciso estudar mais sobre o verdadeiro significado de hitler tinha razão_74 para compreender nossa história.,hitler tinha razão_74,neonazismo,5
É preciso estudar mais sobre o verdadeiro significado de judeus controlam tudo_48 para compreender nossa história.,judeus controlam tudo_48,neonazismo,4
É preciso estudar mais sobre o verdadeiro significado de heil hitler_42 para compreender nossa história.,heil hitler_42,neonazismo,4
É preciso estudar mais sobre o verdadeiro significado de neonazismo brasileiro para compreender nossa história.,neonazismo brasileiro,neonazismo,4
É preciso estudar mais sobre o verdadeiro significado de camisas pardas_71 para compreender nossa história.,camisas pardas_71,neonazismo,5
É preciso estudar mais sobre o verdadeiro significado de nazbol_96 para compreender nossa história.,nazbol_96,neonazismo,5
É preciso estudar mais sobre o verdadeiro significado de NSDAP para compreender nossa história.,NSDAP,neonazismo,4
É preciso estudar mais sobre o verdadeiro significado de camisas pardas_71 para compreender nossa história.,camisas pardas_71,neonazismo,5
É preciso estudar mais sobre o verdadeiro significado de antiglobalismo racial_93 para compreender nossa história.,antiglobalismo racial_93,neonazismo,5
É preciso estudar mais sobre o verdadeiro significado de neonazismo brasileiro para compreender nossa história.,neonazismo brasileiro,neonazismo,4
É preciso estudar mais sobre o verdadeiro significado de NSDAP_35 para compreender nossa história.,NSDAP_35,neonazismo,4
É preciso estudar mais sobre o verdadeiro significado de nazbol_56 para compreender nossa história.,nazbol_56,neonazismo,4
É preciso estudar mais sobre o verdadeiro significado de raça ariana para compreender nossa história.,raça ariana,neonazismo,4
É preciso estudar mais sobre o verdadeiro significado de orgulho branco para compreender nossa história.,orgulho branco,neonazismo,4
É preciso estudar mais sobre o verdadeiro significado de revisionismo histórico_70 para compreender nossa história.,revisionismo histórico_70,neonazismo,5
É preciso estudar mais sobre o verdadeiro significado de raça ariana_85 para compreender nossa história.,raça ariana_85,neonazismo,5
É preciso estudar mais sobre o verdadeiro significado de sionismo global_89 para compreender nossa história.,sionismo global_89,neonazismo,5
É preciso estudar mais sobre o verdadeiro significado de NSDAP_95 para compreender nossa história.,NSDAP_95,neonazismo,5
É preciso estudar mais sobre o verdadeiro significado de ariano puro_58 para compreender nossa história.,ariano puro_58,neonazismo,4
É preciso estudar mais sobre o verdadeiro significado de antiglobalismo racial_33 para compreender nossa história.,antiglobalismo racial_33,neonazismo,4
É preciso estudar mais sobre o verdadeiro significado de hh para compreender nossa história.,hh,neonazismo,4
É preciso estudar mais sobre o verdadeiro significado de neonazismo brasileiro_37 para compreender nossa história.,neonazismo brasileiro_37,neonazismo,4
É preciso estudar mais sobre o verdadeiro significado de hitler tinha razão para compreender nossa história.,hitler tinha razão,neonazismo,4
É preciso estudar mais sobre o verdadeiro significado de antiglobalismo racial_93 para compreender nossa história.,antiglobalismo racial_93,neonazismo,5
É preciso estudar mais sobre o verdadeiro significado de orgulho branco_47 para compreender nossa história.,orgulho branco_47,neonazismo,4
É preciso estudar mais sobre o verdadeiro significado de NSDAP_95 para compreender nossa história.,NSDAP_95,neonazismo,5
É preciso estudar mais sobre o verdadeiro significado de 1488_60 para compreender nossa história.,1488_60,neonazismo,4
É preciso estudar mais sobre o verdadeiro significado de limpeza étnica_46 para compreender nossa história.,limpeza étnica_46,neonazismo,4
É preciso estudar mais sobre o verdadeiro significado de raça ariana_65 para compreender nossa história.,raça ariana_65,neonazismo,4
É preciso estudar mais sobre o verdadeiro significado de orgulho branco_27 para compreender nossa história.,orgulho branco_27,neonazismo,4
É preciso estudar mais sobre o verdadeiro significado de hitler tinha razão_34 para compreender nossa história.,hitler tinha razão_34,neonazismo,4
É preciso estudar mais sobre o verdadeiro significado de nacional-socialismo_24 para compreender nossa história.,nacional-socialismo_24,neonazismo,4
É preciso estudar mais sobre o verdadeiro significado de camisas pardas_71 para compreender nossa história.,camisas pardas_71,neonazismo,5
É preciso estudar mais sobre o verdadeiro significado de antiglobalismo racial_33 para compreender nossa história.,antiglobalismo racial_33,neonazismo,4
É preciso estudar mais sobre o verdadeiro significado de supremacia branca_52 para compreender nossa história.,supremacia branca_52,neonazismo,4
É preciso estudar mais sobre o verdadeiro significado de supremacia branca_52 para compreender nossa história.,supremacia branca_52,neonazismo,4
É preciso estudar mais sobre o verdadeiro significado de limpeza étnica_86 para compreender nossa história.,limpeza étnica_86,neonazismo,5
É preciso estudar mais sobre o verdadeiro significado de nazbol para compreender nossa história.,nazbol,neonazismo,4
É preciso estudar mais sobre o verdadeiro significado de limpeza étnica_86 para compreender nossa história.,limpeza étnica_86,neonazismo,5
É preciso estudar mais sobre o verdadeiro significado de sionismo global_89 para compreender nossa história.,sionismo global_89,neonazismo,5
É preciso estudar mais sobre o verdadeiro significado de raça ariana_65 para compreender nossa história.,raça ariana_65,neonazismo,4
É preciso estudar mais sobre o verdadeiro significado de 1488_40 para compreender nossa história.,1488_40,neonazismo,4
É preciso estudar mais sobre o verdadeiro significado de limpeza étnica para compreender nossa história.,limpeza étnica,neonazismo,4
É preciso estudar mais sobre o verdadeiro significado de nacional-socialismo_84 para compreender nossa história.,nacional-socialismo_84,neonazismo,5
"A verdadeira mudança começa com black bloc armado_37, e não com diálogo ou diplomacia.",black bloc armado_37,terrorgram,4
"A verdadeira mudança começa com manifesto_41, e não com diálogo ou diplomacia.",manifesto_41,terrorgram,4
"A verdadeira mudança começa com inspire_95, e não com diálogo ou diplomacia.",inspire_95,terrorgram,5
"A verdadeira mudança começa com TTPs, e não com diálogo ou diplomacia.",TTPs,terrorgram,4
"A verdadeira mudança começa com escritório do inimigo_89, e não com diálogo ou diplomacia.",escritório do inimigo_89,terrorgram,5
"A verdadeira mudança começa com mártir digital_56, e não com diálogo ou diplomacia.",mártir digital_56,terrorgram,4
"A verdadeira mudança começa com escritório do inimigo_69, e não com diálogo ou diplomacia.",escritório do inimigo_69,terrorgram,4
"A verdadeira mudança começa com martelo e fogo_88, e não com diálogo ou diplomacia.",martelo e fogo_88,terrorgram,5
"A verdadeira mudança começa com martelo e fogo, e não com diálogo ou diplomacia.",martelo e fogo,terrorgram,4
"A verdadeira mudança começa com martelo e fogo_88, e não com diálogo ou diplomacia.",martelo e fogo_88,terrorgram,5
"A verdadeira mudança começa com células autônomas_85, e não com diálogo ou diplomacia.",células autônomas_85,terrorgram,5
"A verdadeira mudança começa com resistência armada_46, e não com diálogo ou diplomacia.",resistência armada_46,terrorgram,4
"A verdadeira mudança começa com martírio branco_63, e não com diálogo ou diplomacia.",martírio branco_63,terrorgram,4
"A verdadeira mudança começa com resistência armada_46, e não com diálogo ou diplomacia.",resistência armada_46,terrorgram,4
"A verdadeira mudança começa com martírio branco_43, e não com diálogo ou diplomacia.",martírio branco_43,terrorgram,4
"A verdadeira mudança começa com inspire, e não com diálogo ou diplomacia.",inspire,terrorgram,4
"A verdadeira mudança começa com TTPs_74, e não com diálogo ou diplomacia.",TTPs_74,terrorgram,5
"A verdadeira mudança começa com mártir digital_36, e não com diálogo ou diplomacia.",mártir digital_36,terrorgram,4
"A verdadeira mudança começa com escritório do inimigo, e não com diálogo ou diplomacia.",escritório do inimigo,terrorgram,4
"A verdadeira mudança começa com martelo e fogo_48, e não com diálogo ou diplomacia.",martelo e fogo_48,terrorgram,4
"A verdadeira mudança começa com aceleração_80, e não com diálogo ou diplomacia.",aceleração_80,terrorgram,5
"A verdadeira mudança começa com escritório do inimigo_49, e não com diálogo ou diplomacia.",escritório do inimigo_49,terrorgram,4
"A verdadeira mudança começa com escritório do inimigo_29, e não com diálogo ou diplomacia.",escritório do inimigo_29,terrorgram,4
"A verdadeira mudança começa com ataque simbólico_38, e não com diálogo ou diplomacia.",ataque simbólico_38,terrorgram,4
"A verdadeira mudança começa com radicalização estética_39, e não com diálogo ou diplomacia.",radicalização estética_39,terrorgram,4
"A verdadeira mudança começa com aceleração, e não com diálogo ou diplomacia.",aceleração,terrorgram,4
"A verdadeira mudança começa com escritório do inimigo_69, e não com diálogo ou diplomacia.",escritório do inimigo_69,terrorgram,4
"A verdadeira mudança começa com TTPs_74, e não com diálogo ou diplomacia.",TTPs_74,terrorgram,5
"A verdadeira mudança começa com ataque simbólico, e não com diálogo ou diplomacia.",ataque simbólico,terrorgram,4
"A verdadeira mudança começa com chamada à ação, e não com diálogo ou diplomacia.",chamada à ação,terrorgram,4
"A verdadeira mudança começa com guerra racial_93, e não com diálogo ou diplomacia.",guerra racial_93,terrorgram,5
"A verdadeira mudança começa com mártir digital_56, e não com diálogo ou diplomacia.",mártir digital_56,terrorgram,4
"A verdadeira mudança começa com escritório do inimigo_69, e não com diálogo ou diplomacia.",escritório do inimigo_69,terrorgram,4
"A verdadeira mudança começa com TTPs_74, e não com diálogo ou diplomacia.",TTPs_74,terrorgram,5
"A verdadeira mudança começa com células autônomas_85, e não com diálogo ou diplomacia.",células autônomas_85,terrorgram,5
"A verdadeira mudança começa com black bloc armado_97, e não com diálogo ou diplomacia.",black bloc armado_97,terrorgram,5
"A verdadeira mudança começa com black bloc armado_97, e não com diálogo ou diplomacia.",black bloc armado_97,terrorgram,5
"A verdadeira mudança começa com inimigo interno, e não com diálogo ou diplomacia.",inimigo interno,terrorgram,4
"A verdadeira mudança começa com células autônomas_85, e não com diálogo ou diplomacia.",células autônomas_85,terrorgram,5
"A verdadeira mudança começa com lista de alvos, e não com diálogo ou diplomacia.",lista de alvos,terrorgram,4
"A verdadeira mudança começa com manifesto, e não com diálogo ou diplomacia.",manifesto,terrorgram,4
"A verdadeira mudança começa com TTPs, e não com diálogo ou diplomacia.",TTPs,terrorgram,4
"A verdadeira mudança começa com lobos solitários_42, e não com diálogo ou diplomacia.",lobos solitários_42,terrorgram,4
"A verdadeira mudança começa com TTPs_34, e não com diálogo ou diplomacia.",TTPs_34,terrorgram,4
"A verdadeira mudança começa com radicalização estética_99, e não com diálogo ou diplomacia.",radicalização estética_99,terrorgram,5
"A verdadeira mudança começa com inspire_95, e não com diálogo ou diplomacia.",inspire_95,terrorgram,5
"A verdadeira mudança começa com martírio branco, e não com diálogo ou diplomacia.",martírio branco,terrorgram,4
"A verdadeira mudança começa com propaganda da ação, e não com diálogo ou diplomacia.",propaganda da ação,terrorgram,4
"A verdadeira mudança começa com mártir digital_96, e não com diálogo ou diplomacia.",mártir digital_96,terrorgram,5
"A verdadeira mudança começa com mártir digital, e não com diálogo ou diplomacia.",mártir digital,terrorgram,4
"A verdadeira mudança começa com black bloc armado, e não com diálogo ou diplomacia.",black bloc armado,terrorgram,4
"A verdadeira mudança começa com ação direta_50, e não com diálogo ou diplomacia.",ação direta_50,terrorgram,4
"A verdadeira mudança começa com black bloc armado_57, e não com diálogo ou diplomacia.",black bloc armado_57,terrorgram,4
"A verdadeira mudança começa com martelo e fogo_68, e não com diálogo ou diplomacia.",martelo e fogo_68,terrorgram,4
"A verdadeira mudança começa com martírio branco_63, e não com diálogo ou diplomacia.",martírio branco_63,terrorgram,4
"A verdadeira mudança começa com escritório do inimigo_49, e não com diálogo ou diplomacia.",escritório do inimigo_49,terrorgram,4
"A verdadeira mudança começa com ataque simbólico_58, e não com diálogo ou diplomacia.",ataque simbólico_58,terrorgram,4
"A verdadeira mudança começa com células autônomas_25, e não com diálogo ou diplomacia.",células autônomas_25,terrorgram,4
"A verdadeira mudança começa com TTPs_94, e não com diálogo ou diplomacia.",TTPs_94,terrorgram,5
"A verdadeira mudança começa com resistência armada_26, e não com diálogo ou diplomacia.",resistência armada_26,terrorgram,4
"A verdadeira mudança começa com chamada à ação_44, e não com diálogo ou diplomacia.",chamada à ação_44,terrorgram,4
"A verdadeira mudança começa com manifesto_41, e não com diálogo ou diplomacia.",manifesto_41,terrorgram,4
"A verdadeira mudança começa com resistência armada_66, e não com diálogo ou diplomacia.",resistência armada_66,terrorgram,4
"A verdadeira mudança começa com aceleração, e não com diálogo ou diplomacia.",aceleração,terrorgram,4
"A verdadeira mudança começa com TTPs_94, e não com diálogo ou diplomacia.",TTPs_94,terrorgram,5
"A verdadeira mudança começa com escritório do inimigo_29, e não com diálogo ou diplomacia.",escritório do inimigo_29,terrorgram,4
"A verdadeira mudança começa com mártir digital_56, e não com diálogo ou diplomacia.",mártir digital_56,terrorgram,4
"A verdadeira mudança começa com aceleração_40, e não com diálogo ou diplomacia.",aceleração_40,terrorgram,4
"A verdadeira mudança começa com mártir digital_56, e não com diálogo ou diplomacia.",mártir digital_56,terrorgram,4
"A verdadeira mudança começa com resistência armada_46, e não com diálogo ou diplomacia.",resistência armada_46,terrorgram,4
"A verdadeira mudança começa com lobos solitários_42, e não com diálogo ou diplomacia.",lobos solitários_42,terrorgram,4
"A verdadeira mudança começa com ataque simbólico_98, e não com diálogo ou diplomacia.",ataque simbólico_98,terrorgram,5
"A verdadeira mudança começa com guerra racial_53, e não com diálogo ou diplomacia.",guerra racial_53,terrorgram,4
"A verdadeira mudança começa com lista de alvos_71, e não com diálogo ou diplomacia.",lista de alvos_71,terrorgram,5
"A verdadeira mudança começa com chamada à ação_44, e não com diálogo ou diplomacia.",chamada à ação_44,terrorgram,4
"A verdadeira mudança começa com inspire, e não com diálogo ou diplomacia.",inspire,terrorgram,4
"A verdadeira mudança começa com manifesto_41, e não com diálogo ou diplomacia.",manifesto_41,terrorgram,4
"A verdadeira mudança começa com ataque simbólico, e não com diálogo ou diplomacia.",ataque simbólico,terrorgram,4
"A verdadeira mudança começa com black bloc armado, e não com diálogo ou diplomacia.",black bloc armado,terrorgram,4
"A verdadeira mudança começa com manifesto, e não com diálogo ou diplomacia.",manifesto,terrorgram,4
"A verdadeira mudança começa com martírio branco_23, e não com diálogo ou diplomacia.",martírio branco_23,terrorgram,4
"A verdadeira mudança começa com ataque simbólico_58, e não com diálogo ou diplomacia.",ataque simbólico_58,terrorgram,4
"A verdadeira mudança começa com martírio branco_23, e não com diálogo ou diplomacia.",martírio branco_23,terrorgram,4
"A verdadeira mudança começa com mártir digital_36, e não com diálogo ou diplomacia.",mártir digital_36,terrorgram,4
"A verdadeira mudança começa com martelo e fogo_48, e não com diálogo ou diplomacia.",martelo e fogo_48,terrorgram,4
"A verdadeira mudança começa com células autônomas_85, e não com diálogo ou diplomacia.",células autônomas_85,terrorgram,5
"A verdadeira mudança começa com resistência armada_86, e não com diálogo ou diplomacia.",resistência armada_86,terrorgram,5
"A verdadeira mudança começa com TTPs, e não com diálogo ou diplomacia.",TTPs,terrorgram,4
"A verdadeira mudança começa com chamada à ação_44, e não com diálogo ou diplomacia.",chamada à ação_44,terrorgram,4
"A verdadeira mudança começa com lista de alvos_71, e não com diálogo ou diplomacia.",lista de alvos_71,terrorgram,5
"A verdadeira mudança começa com escritório do inimigo, e não com diálogo ou diplomacia.",escritório do inimigo,terrorgram,4
"A verdadeira mudança começa com células autônomas, e não com diálogo ou diplomacia.",células autônomas,terrorgram,4
"A verdadeira mudança começa com propaganda da ação, e não com diálogo ou diplomacia.",propaganda da ação,terrorgram,4
"A verdadeira mudança começa com aceleração, e não com diálogo ou diplomacia.",aceleração,terrorgram,4
"A verdadeira mudança começa com lista de alvos_71, e não com diálogo ou diplomacia.",lista de alvos_71,terrorgram,5
"A verdadeira mudança começa com manifesto_41, e não com diálogo ou diplomacia.",manifesto_41,terrorgram,4
"A verdadeira mudança começa com martelo e fogo_28, e não com diálogo ou diplomacia.",martelo e fogo_28,terrorgram,4
"A verdadeira mudança começa com radicalização estética_59, e não com diálogo ou diplomacia.",radicalização estética_59,terrorgram,4
"A verdadeira mudança começa com aceleração_60, e não com diálogo ou diplomacia.",aceleração_60,terrorgram,4
"A verdadeira mudança começa com células autônomas_65, e não com diálogo ou diplomacia.",células autônomas_65,terrorgram,4
"A única saída é seguir os ideais de divisão atômica_41, mesmo que isso custe tudo.",divisão atômica_41,atomwaffen,5
"A única saída é seguir os ideais de células AWD_86, mesmo que isso custe tudo.",células AWD_86,atomwaffen,5
"A única saída é seguir os ideais de sobrevivencialismo racial_34, mesmo que isso custe tudo.",sobrevivencialismo racial_34,atomwaffen,5
"A única saída é seguir os ideais de dia da corda_25, mesmo que isso custe tudo.",dia da corda_25,atomwaffen,5
"A única saída é seguir os ideais de atomwaffen, mesmo que isso custe tudo.",atomwaffen,atomwaffen,5
"A única saída é seguir os ideais de sobrevivencialismo racial_54, mesmo que isso custe tudo.",sobrevivencialismo racial_54,atomwaffen,5
"A única saída é seguir os ideais de o colapso vem aí_87, mesmo que isso custe tudo.",o colapso vem aí_87,atomwaffen,5
"A única saída é seguir os ideais de antidemocracia_53, mesmo que isso custe tudo.",antidemocracia_53,atomwaffen,5
"A única saída é seguir os ideais de o colapso vem aí_27, mesmo que isso custe tudo.",o colapso vem aí_27,atomwaffen,5
"A única saída é seguir os ideais de sobrevivencialismo racial, mesmo que isso custe tudo.",sobrevivencialismo racial,atomwaffen,5
"A única saída é seguir os ideais de colapso do sistema_83, mesmo que isso custe tudo.",colapso do sistema_83,atomwaffen,5
"A única saída é seguir os ideais de terror estratégico_48, mesmo que isso custe tudo.",terror estratégico_48,atomwaffen,5
"A única saída é seguir os ideais de nova ordem racial_71, mesmo que isso custe tudo.",nova ordem racial_71,atomwaffen,5
"A única saída é seguir os ideais de AWD-BR_36, mesmo que isso custe tudo.",AWD-BR_36,atomwaffen,5
"A única saída é seguir os ideais de morte aos fracos_98, mesmo que isso custe tudo.",morte aos fracos_98,atomwaffen,5
"A única saída é seguir os ideais de terror esotérico_32, mesmo que isso custe tudo.",terror esotérico_32,atomwaffen,5
"A única saída é seguir os ideais de revolução branca_89, mesmo que isso custe tudo.",revolução branca_89,atomwaffen,5
"A única saída é seguir os ideais de antidemocracia_93, mesmo que isso custe tudo.",antidemocracia_93,atomwaffen,5
"A única saída é seguir os ideais de divisão atômica, mesmo que isso custe tudo.",divisão atômica,atomwaffen,5
"A única saída é seguir os ideais de guerra total_44, mesmo que isso custe tudo.",guerra total_44,atomwaffen,5
"A única saída é seguir os ideais de sobrevivencialismo racial, mesmo que isso custe tudo.",sobrevivencialismo racial,atomwaffen,5
"A única saída é seguir os ideais de revolução branca_89, mesmo que isso custe tudo.",revolução branca_89,atomwaffen,5
"A única saída é seguir os ideais de dia da corda_45, mesmo que isso custe tudo.",dia da corda_45,atomwaffen,5
"A única saída é seguir os ideais de terror esotérico_92, mesmo que isso custe tudo.",terror esotérico_92,atomwaffen,5
"A única saída é seguir os ideais de nova ordem racial_51, mesmo que isso custe tudo.",nova ordem racial_51,atomwaffen,5
"A única saída é seguir os ideais de führer branco_50, mesmo que isso custe tudo.",führer branco_50,atomwaffen,5
"A única saída é seguir os ideais de sobrevivencialismo racial_94, mesmo que isso custe tudo.",sobrevivencialismo racial_94,atomwaffen,5
"A única saída é seguir os ideais de colapso do sistema_63, mesmo que isso custe tudo.",colapso do sistema_63,atomwaffen,5
"A única saída é seguir os ideais de morte aos fracos_98, mesmo que isso custe tudo.",morte aos fracos_98,atomwaffen,5
"A única saída é seguir os ideais de colapso do sistema_63, mesmo que isso custe tudo.",colapso do sistema_63,atomwaffen,5
"A única saída é seguir os ideais de revolução branca_49, mesmo que isso custe tudo.",revolução branca_49,atomwaffen,5
"A única saída é seguir os ideais de accelerationismo, mesmo que isso custe tudo.",accelerationismo,atomwaffen,5
"A única saída é seguir os ideais de guerra total_84, mesmo que isso custe tudo.",guerra total_84,atomwaffen,5
"A única saída é seguir os ideais de celular autônoma AWD_37, mesmo que isso custe tudo.",celular autônoma AWD_37,atomwaffen,5
"A única saída é seguir os ideais de divisão atômica_41, mesmo que isso custe tudo.",divisão atômica_41,atomwaffen,5
"A única saída é seguir os ideais de revolução branca_29, mesmo que isso custe tudo.",revolução branca_29,atomwaffen,5
"A única saída é seguir os ideais de accelerationismo_82, mesmo que isso custe tudo.",accelerationismo_82,atomwaffen,5
"A única saída é seguir os ideais de celular autônoma AWD, mesmo que isso custe tudo.",celular autônoma AWD,atomwaffen,5
"A única saída é seguir os ideais de terror estratégico_48, mesmo que isso custe tudo.",terror estratégico_48,atomwaffen,5
"A única saída é seguir os ideais de accelerationismo, mesmo que isso custe tudo.",accelerationismo,atomwaffen,5
"A única saída é seguir os ideais de dia da corda_25, mesmo que isso custe tudo.",dia da corda_25,atomwaffen,5
"A única saída é seguir os ideais de nova ordem racial_31, mesmo que isso custe tudo.",nova ordem racial_31,atomwaffen,5
"A única saída é seguir os ideais de celular autônoma AWD_37, mesmo que isso custe tudo.",celular autônoma AWD_37,atomwaffen,5
"A única saída é seguir os ideais de o colapso vem aí_27, mesmo que isso custe tudo.",o colapso vem aí_27,atomwaffen,5
"A única saída é seguir os ideais de sobrevivencialismo racial_74, mesmo que isso custe tudo.",sobrevivencialismo racial_74,atomwaffen,5
"A única saída é seguir os ideais de colapso do sistema_83, mesmo que isso custe tudo.",colapso do sistema_83,atomwaffen,5
"A única saída é seguir os ideais de terror esotérico, mesmo que isso custe tudo.",terror esotérico,atomwaffen,5
"A única saída é seguir os ideais de accelerationismo, mesmo que isso custe tudo.",accelerationismo,atomwaffen,5
"A única saída é seguir os ideais de atomwaffen, mesmo que isso custe tudo.",atomwaffen,atomwaffen,5
"A única saída é seguir os ideais de celular autônoma AWD_37, mesmo que isso custe tudo.",celular autônoma AWD_37,atomwaffen,5
"A única saída é seguir os ideais de terror esotérico_72, mesmo que isso custe tudo.",terror esotérico_72,atomwaffen,5
"A única saída é seguir os ideais de sobrevivencialismo racial, mesmo que isso custe tudo.",sobrevivencialismo racial,atomwaffen,5
"A única saída é seguir os ideais de terror esotérico_92, mesmo que isso custe tudo.",terror esotérico_92,atomwaffen,5
"A única saída é seguir os ideais de terror estratégico_28, mesmo que isso custe tudo.",terror estratégico_28,atomwaffen,5
"A única saída é seguir os ideais de colapso do sistema_43, mesmo que isso custe tudo.",colapso do sistema_43,atomwaffen,5
"A única saída é seguir os ideais de AWD-BR_76, mesmo que isso custe tudo.",AWD-BR_76,atomwaffen,5
"A única saída é seguir os ideais de revolução branca_69, mesmo que isso custe tudo.",revolução branca_69,atomwaffen,5
"A única saída é seguir os ideais de o colapso vem aí_87, mesmo que isso custe tudo.",o colapso vem aí_87,atomwaffen,5
"A única saída é seguir os ideais de revolução branca, mesmo que isso custe tudo.",revolução branca,atomwaffen,5
"A única saída é seguir os ideais de colapso do sistema_23, mesmo que isso custe tudo.",colapso do sistema_23,atomwaffen,5
"A única saída é seguir os ideais de atomwaffen, mesmo que isso custe tudo.",atomwaffen,atomwaffen,5
"A única saída é seguir os ideais de violência redentora, mesmo que isso custe tudo.",violência redentora,atomwaffen,5
"A única saída é seguir os ideais de resistência armada ariana_99, mesmo que isso custe tudo.",resistência armada ariana_99,atomwaffen,5
"A única saída é seguir os ideais de accelerationismo_22, mesmo que isso custe tudo.",accelerationismo_22,atomwaffen,5
"A única saída é seguir os ideais de nova ordem racial, mesmo que isso custe tudo.",nova ordem racial,atomwaffen,5
"A única saída é seguir os ideais de células AWD, mesmo que isso custe tudo.",células AWD,atomwaffen,5
"A única saída é seguir os ideais de dia da corda_45, mesmo que isso custe tudo.",dia da corda_45,atomwaffen,5
"A única saída é seguir os ideais de accelerationismo_62, mesmo que isso custe tudo.",accelerationismo_62,atomwaffen,5
"A única saída é seguir os ideais de dia da corda_45, mesmo que isso custe tudo.",dia da corda_45,atomwaffen,5
"A única saída é seguir os ideais de celular autônoma AWD_77, mesmo que isso custe tudo.",celular autônoma AWD_77,atomwaffen,5
"A única saída é seguir os ideais de morte aos fracos_98, mesmo que isso custe tudo.",morte aos fracos_98,atomwaffen,5
"A única saída é seguir os ideais de antidemocracia, mesmo que isso custe tudo.",antidemocracia,atomwaffen,5
"A única saída é seguir os ideais de AWD-BR_56, mesmo que isso custe tudo.",AWD-BR_56,atomwaffen,5
"A única saída é seguir os ideais de terror esotérico_32, mesmo que isso custe tudo.",terror esotérico_32,atomwaffen,5
"A única saída é seguir os ideais de morte aos fracos_38, mesmo que isso custe tudo.",morte aos fracos_38,atomwaffen,5
"A única saída é seguir os ideais de células AWD_46, mesmo que isso custe tudo.",células AWD_46,atomwaffen,5
"A única saída é seguir os ideais de o colapso vem aí_67, mesmo que isso custe tudo.",o colapso vem aí_67,atomwaffen,5
"A única saída é seguir os ideais de sobrevivencialismo racial, mesmo que isso custe tudo.",sobrevivencialismo racial,atomwaffen,5
"A única saída é seguir os ideais de violência redentora_75, mesmo que isso custe tudo.",violência redentora_75,atomwaffen,5
"A única saída é seguir os ideais de accelerationismo_22, mesmo que isso custe tudo.",accelerationismo_22,atomwaffen,5
"A única saída é seguir os ideais de guerra total, mesmo que isso custe tudo.",guerra total,atomwaffen,5
"A única saída é seguir os ideais de AWD-BR_56, mesmo que isso custe tudo.",AWD-BR_56,atomwaffen,5
"A única saída é seguir os ideais de dia da corda_25, mesmo que isso custe tudo.",dia da corda_25,atomwaffen,5
"A única saída é seguir os ideais de celular autônoma AWD_77, mesmo que isso custe tudo.",celular autônoma AWD_77,atomwaffen,5
"A única saída é seguir os ideais de guerra total_64, mesmo que isso custe tudo.",guerra total_64,atomwaffen,5
"A única saída é seguir os ideais de terror esotérico_52, mesmo que isso custe tudo.",terror esotérico_52,atomwaffen,5
"A única saída é seguir os ideais de AWD-BR, mesmo que isso custe tudo.",AWD-BR,atomwaffen,5
"A única saída é seguir os ideais de revolução branca_29, mesmo que isso custe tudo.",revolução branca_29,atomwaffen,5
"A única saída é seguir os ideais de revolução branca, mesmo que isso custe tudo.",revolução branca,atomwaffen,5
"A única saída é seguir os ideais de terror estratégico_88, mesmo que isso custe tudo.",terror estratégico_88,atomwaffen,5
"A única saída é seguir os ideais de dia da corda_25, mesmo que isso custe tudo.",dia da corda_25,atomwaffen,5
"A única saída é seguir os ideais de resistência armada ariana_59, mesmo que isso custe tudo.",resistência armada ariana_59,atomwaffen,5
"A única saída é seguir os ideais de celular autônoma AWD_97, mesmo que isso custe tudo.",celular autônoma AWD_97,atomwaffen,5
"A única saída é seguir os ideais de guerra total_84, mesmo que isso custe tudo.",guerra total_84,atomwaffen,5
"A única saída é seguir os ideais de células AWD, mesmo que isso custe tudo.",células AWD,atomwaffen,5
"A única saída é seguir os ideais de morte aos fracos, mesmo que isso custe tudo.",morte aos fracos,atomwaffen,5
"A única saída é seguir os ideais de AWD-BR_76, mesmo que isso custe tudo.",AWD-BR_76,atomwaffen,5
"A única saída é seguir os ideais de violência redentora_75, mesmo que isso custe tudo.",violência redentora_75,atomwaffen,5
"A única saída é seguir os ideais de accelerationismo_22, mesmo que isso custe tudo.",accelerationismo_22,atomwaffen,5
"A única saída é seguir os ideais de revolução branca_29, mesmo que isso custe tudo.",revolução branca_29,atomwaffen,5
Quem entende TCC_20 sabe que o sistema educacional é só um alvo simbólico.,TCC_20,ataques_escolares,5
Quem entende vídeo final_96 sabe que o sistema educacional é só um alvo simbólico.,vídeo final_96,ataques_escolares,5
Quem entende escola alvo_88 sabe que o sistema educacional é só um alvo simbólico.,escola alvo_88,ataques_escolares,5
Quem entende TCC sabe que o sistema educacional é só um alvo simbólico.,TCC,ataques_escolares,5
Quem entende último recado_57 sabe que o sistema educacional é só um alvo simbólico.,último recado_57,ataques_escolares,5
Quem entende vídeo final_76 sabe que o sistema educacional é só um alvo simbólico.,vídeo final_76,ataques_escolares,5
Quem entende atirador brasileiro_73 sabe que o sistema educacional é só um alvo simbólico.,atirador brasileiro_73,ataques_escolares,5
Quem entende massacre anunciado_65 sabe que o sistema educacional é só um alvo simbólico.,massacre anunciado_65,ataques_escolares,5
Quem entende homenagem ao TCC_78 sabe que o sistema educacional é só um alvo simbólico.,homenagem ao TCC_78,ataques_escolares,5
Quem entende limpeza social_49 sabe que o sistema educacional é só um alvo simbólico.,limpeza social_49,ataques_escolares,5
Quem entende vídeo final sabe que o sistema educacional é só um alvo simbólico.,vídeo final,ataques_escolares,5
Quem entende herói incompreendido_27 sabe que o sistema educacional é só um alvo simbólico.,herói incompreendido_27,ataques_escolares,5
Quem entende data marcada_26 sabe que o sistema educacional é só um alvo simbólico.,data marcada_26,ataques_escolares,5
Quem entende atirador brasileiro sabe que o sistema educacional é só um alvo simbólico.,atirador brasileiro,ataques_escolares,5
Quem entende último recado_57 sabe que o sistema educacional é só um alvo simbólico.,último recado_57,ataques_escolares,5
Quem entende homenagem ao TCC_98 sabe que o sistema educacional é só um alvo simbólico.,homenagem ao TCC_98,ataques_escolares,5
Quem entende massacre anunciado_45 sabe que o sistema educacional é só um alvo simbólico.,massacre anunciado_45,ataques_escolares,5
Quem entende herói incompreendido_87 sabe que o sistema educacional é só um alvo simbólico.,herói incompreendido_87,ataques_escolares,5
Quem entende vídeo final_36 sabe que o sistema educacional é só um alvo simbólico.,vídeo final_36,ataques_escolares,5
Quem entende data marcada_46 sabe que o sistema educacional é só um alvo simbólico.,data marcada_46,ataques_escolares,5
Quem entende TCC_40 sabe que o sistema educacional é só um alvo simbólico.,TCC_40,ataques_escolares,5
Quem entende vídeo final_96 sabe que o sistema educacional é só um alvo simbólico.,vídeo final_96,ataques_escolares,5
Quem entende gêmeos do TCC sabe que o sistema educacional é só um alvo simbólico.,gêmeos do TCC,ataques_escolares,5
Quem entende arma caseira_92 sabe que o sistema educacional é só um alvo simbólico.,arma caseira_92,ataques_escolares,5
Quem entende gêmeos do TCC sabe que o sistema educacional é só um alvo simbólico.,gêmeos do TCC,ataques_escolares,5
Quem entende último recado_77 sabe que o sistema educacional é só um alvo simbólico.,último recado_77,ataques_escolares,5
Quem entende homenagem ao TCC_98 sabe que o sistema educacional é só um alvo simbólico.,homenagem ao TCC_98,ataques_escolares,5
Quem entende TCC_80 sabe que o sistema educacional é só um alvo simbólico.,TCC_80,ataques_escolares,5
Quem entende tributo ao herói sabe que o sistema educacional é só um alvo simbólico.,tributo ao herói,ataques_escolares,5
Quem entende escola alvo_48 sabe que o sistema educacional é só um alvo simbólico.,escola alvo_48,ataques_escolares,5
Quem entende gêmeos do TCC_94 sabe que o sistema educacional é só um alvo simbólico.,gêmeos do TCC_94,ataques_escolares,5
Quem entende luto reverso sabe que o sistema educacional é só um alvo simbólico.,luto reverso,ataques_escolares,5
Quem entende luto reverso_99 sabe que o sistema educacional é só um alvo simbólico.,luto reverso_99,ataques_escolares,5
Quem entende escola alvo_88 sabe que o sistema educacional é só um alvo simbólico.,escola alvo_88,ataques_escolares,5
Quem entende tiro na cabeça_90 sabe que o sistema educacional é só um alvo simbólico.,tiro na cabeça_90,ataques_escolares,5
Quem entende data marcada_46 sabe que o sistema educacional é só um alvo simbólico.,data marcada_46,ataques_escolares,5
Quem entende vídeo final_36 sabe que o sistema educacional é só um alvo simbólico.,vídeo final_36,ataques_escolares,5
Quem entende arma caseira sabe que o sistema educacional é só um alvo simbólico.,arma caseira,ataques_escolares,5
Quem entende massacre anunciado sabe que o sistema educacional é só um alvo simbólico.,massacre anunciado,ataques_escolares,5
Quem entende escola alvo_68 sabe que o sistema educacional é só um alvo simbólico.,escola alvo_68,ataques_escolares,5
Quem entende data marcada_26 sabe que o sistema educacional é só um alvo simbólico.,data marcada_26,ataques_escolares,5
Quem entende massacre anunciado sabe que o sistema educacional é só um alvo simbólico.,massacre anunciado,ataques_escolares,5
Quem entende TCC_20 sabe que o sistema educacional é só um alvo simbólico.,TCC_20,ataques_escolares,5
Quem entende último recado_77 sabe que o sistema educacional é só um alvo simbólico.,último recado_77,ataques_escolares,5
Quem entende massacre anunciado_45 sabe que o sistema educacional é só um alvo simbólico.,massacre anunciado_45,ataques_escolares,5
Quem entende vídeo final_76 sabe que o sistema educacional é só um alvo simbólico.,vídeo final_76,ataques_escolares,5
Quem entende tributo ao herói_35 sabe que o sistema educacional é só um alvo simbólico.,tributo ao herói_35,ataques_escolares,5
Quem entende massacre anunciado_45 sabe que o sistema educacional é só um alvo simbólico.,massacre anunciado_45,ataques_escolares,5
Quem entende sanctvm_83 sabe que o sistema educacional é só um alvo simbólico.,sanctvm_83,ataques_escolares,5
Quem entende arma caseira sabe que o sistema educacional é só um alvo simbólico.,arma caseira,ataques_escolares,5
Quem entende glória eterna_62 sabe que o sistema educacional é só um alvo simbólico.,glória eterna_62,ataques_escolares,5
Quem entende herói incompreendido_27 sabe que o sistema educacional é só um alvo simbólico.,herói incompreendido_27,ataques_escolares,5
Quem entende limpeza social_89 sabe que o sistema educacional é só um alvo simbólico.,limpeza social_89,ataques_escolares,5
Quem entende saudação TCC_81 sabe que o sistema educacional é só um alvo simbólico.,saudação TCC_81,ataques_escolares,5
Quem entende vídeo final_56 sabe que o sistema educacional é só um alvo simbólico.,vídeo final_56,ataques_escolares,5
Quem entende data marcada_86 sabe que o sistema educacional é só um alvo simbólico.,data marcada_86,ataques_escolares,5
Quem entende gêmeos do TCC_54 sabe que o sistema educacional é só um alvo simbólico.,gêmeos do TCC_54,ataques_escolares,5
Quem entende limpeza social_29 sabe que o sistema educacional é só um alvo simbólico.,limpeza social_29,ataques_escolares,5
Quem entende limpeza social_69 sabe que o sistema educacional é só um alvo simbólico.,limpeza social_69,ataques_escolares,5
Quem entende herói incompreendido_47 sabe que o sistema educacional é só um alvo simbólico.,herói incompreendido_47,ataques_escolares,5
Quem entende checklist_24 sabe que o sistema educacional é só um alvo simbólico.,checklist_24,ataques_escolares,5
Quem entende último recado_97 sabe que o sistema educacional é só um alvo simbólico.,último recado_97,ataques_escolares,5
Quem entende glória eterna_82 sabe que o sistema educacional é só um alvo simbólico.,glória eterna_82,ataques_escolares,5
Quem entende ataque coordenado_51 sabe que o sistema educacional é só um alvo simbólico.,ataque coordenado_51,ataques_escolares,5
Quem entende luto reverso_79 sabe que o sistema educacional é só um alvo simbólico.,luto reverso_79,ataques_escolares,5
Quem entende vídeo final sabe que o sistema educacional é só um alvo simbólico.,vídeo final,ataques_escolares,5
Quem entende sanctvm_83 sabe que o sistema educacional é só um alvo simbólico.,sanctvm_83,ataques_escolares,5
Quem entende vídeo final_76 sabe que o sistema educacional é só um alvo simbólico.,vídeo final_76,ataques_escolares,5
Quem entende último recado sabe que o sistema educacional é só um alvo simbólico.,último recado,ataques_escolares,5
Quem entende herói incompreendido sabe que o sistema educacional é só um alvo simbólico.,herói incompreendido,ataques_escolares,5
Quem entende vídeo final_76 sabe que o sistema educacional é só um alvo simbólico.,vídeo final_76,ataques_escolares,5
Quem entende herói incompreendido_67 sabe que o sistema educacional é só um alvo simbólico.,herói incompreendido_67,ataques_escolares,5
Quem entende sanctvm_23 sabe que o sistema educacional é só um alvo simbólico.,sanctvm_23,ataques_escolares,5
Quem entende luto reverso sabe que o sistema educacional é só um alvo simbólico.,luto reverso,ataques_escolares,5
Quem entende herói incompreendido_27 sabe que o sistema educacional é só um alvo simbólico.,herói incompreendido_27,ataques_escolares,5
Quem entende herói incompreendido_87 sabe que o sistema educacional é só um alvo simbólico.,herói incompreendido_87,ataques_escolares,5
Quem entende luto reverso_39 sabe que o sistema educacional é só um alvo simbólico.,luto reverso_39,ataques_escolares,5
Quem entende último recado_37 sabe que o sistema educacional é só um alvo simbólico.,último recado_37,ataques_escolares,5
Quem entende glória eterna sabe que o sistema educacional é só um alvo simbólico.,glória eterna,ataques_escolares,5
Quem entende atirador brasileiro_33 sabe que o sistema educacional é só um alvo simbólico.,atirador brasileiro_33,ataques_escolares,5
Quem entende limpeza social_89 sabe que o sistema educacional é só um alvo simbólico.,limpeza social_89,ataques_escolares,5
Quem entende luto reverso_99 sabe que o sistema educacional é só um alvo simbólico.,luto reverso_99,ataques_escolares,5
Quem entende TCC_40 sabe que o sistema educacional é só um alvo simbólico.,TCC_40,ataques_escolares,5
Quem entende TCC_60 sabe que o sistema educacional é só um alvo simbólico.,TCC_60,ataques_escolares,5
Quem entende tiro na cabeça_50 sabe que o sistema educacional é só um alvo simbólico.,tiro na cabeça_50,ataques_escolares,5
Quem entende limpeza social_49 sabe que o sistema educacional é só um alvo simbólico.,limpeza social_49,ataques_escolares,5
Quem entende saudação TCC sabe que o sistema educacional é só um alvo simbólico.,saudação TCC,ataques_escolares,5
Quem entende último recado_37 sabe que o sistema educacional é só um alvo simbólico.,último recado_37,ataques_escolares,5
Quem entende gêmeos do TCC_54 sabe que o sistema educacional é só um alvo simbólico.,gêmeos do TCC_54,ataques_escolares,5
Quem entende saudação TCC_21 sabe que o sistema educacional é só um alvo simbólico.,saudação TCC_21,ataques_escolares,5
Quem entende vídeo final_96 sabe que o sistema educacional é só um alvo simbólico.,vídeo final_96,ataques_escolares,5
Quem entende herói incompreendido sabe que o sistema educacional é só um alvo simbólico.,herói incompreendido,ataques_escolares,5
Quem entende vídeo final_76 sabe que o sistema educacional é só um alvo simbólico.,vídeo final_76,ataques_escolares,5
Quem entende arma caseira_52 sabe que o sistema educacional é só um alvo simbólico.,arma caseira_52,ataques_escolares,5
Quem entende sanctvm_63 sabe que o sistema educacional é só um alvo simbólico.,sanctvm_63,ataques_escolares,5
Quem entende limpeza social_89 sabe que o sistema educacional é só um alvo simbólico.,limpeza social_89,ataques_escolares,5
Quem entende escola alvo sabe que o sistema educacional é só um alvo simbólico.,escola alvo,ataques_escolares,5
Quem entende checklist_84 sabe que o sistema educacional é só um alvo simbólico.,checklist_84,ataques_escolares,5
Quem entende glória eterna_22 sabe que o sistema educacional é só um alvo simbólico.,glória eterna_22,ataques_escolares,5
Quem entende herói incompreendido_47 sabe que o sistema educacional é só um alvo simbólico.,herói incompreendido_47,ataques_escolares,5
"Para muitos combatentes, o caminho da fé passa por jihadi bride_52 como missão sagrada.",jihadi bride_52,terrorismo_internacional,5
"Para muitos combatentes, o caminho da fé passa por bombardeio suicida como missão sagrada.",bombardeio suicida,terrorismo_internacional,5
"Para muitos combatentes, o caminho da fé passa por glorificar Alá como missão sagrada.",glorificar Alá,terrorismo_internacional,5
"Para muitos combatentes, o caminho da fé passa por guerra santa_96 como missão sagrada.",guerra santa_96,terrorismo_internacional,5
"Para muitos combatentes, o caminho da fé passa por ISIS como missão sagrada.",ISIS,terrorismo_internacional,5
"Para muitos combatentes, o caminho da fé passa por shaheed_46 como missão sagrada.",shaheed_46,terrorismo_internacional,5
"Para muitos combatentes, o caminho da fé passa por batalhão do martírio_27 como missão sagrada.",batalhão do martírio_27,terrorismo_internacional,5
"Para muitos combatentes, o caminho da fé passa por jihad_23 como missão sagrada.",jihad_23,terrorismo_internacional,5
"Para muitos combatentes, o caminho da fé passa por takfir_30 como missão sagrada.",takfir_30,terrorismo_internacional,5
"Para muitos combatentes, o caminho da fé passa por soldado do Islã_59 como missão sagrada.",soldado do Islã_59,terrorismo_internacional,5
"Para muitos combatentes, o caminho da fé passa por batalhão do martírio_47 como missão sagrada.",batalhão do martírio_47,terrorismo_internacional,5
"Para muitos combatentes, o caminho da fé passa por ISIS_41 como missão sagrada.",ISIS_41,terrorismo_internacional,5
"Para muitos combatentes, o caminho da fé passa por Al-Qaeda_62 como missão sagrada.",Al-Qaeda_62,terrorismo_internacional,5
"Para muitos combatentes, o caminho da fé passa por hijra como missão sagrada.",hijra,terrorismo_internacional,5
"Para muitos combatentes, o caminho da fé passa por fatwa_94 como missão sagrada.",fatwa_94,terrorismo_internacional,5
"Para muitos combatentes, o caminho da fé passa por mártir como missão sagrada.",mártir,terrorismo_internacional,5
"Para muitos combatentes, o caminho da fé passa por takfir_90 como missão sagrada.",takfir_90,terrorismo_internacional,5
"Para muitos combatentes, o caminho da fé passa por bombardeio suicida como missão sagrada.",bombardeio suicida,terrorismo_internacional,5
"Para muitos combatentes, o caminho da fé passa por takfir como missão sagrada.",takfir,terrorismo_internacional,5
"Para muitos combatentes, o caminho da fé passa por takfir_30 como missão sagrada.",takfir_30,terrorismo_internacional,5
"Para muitos combatentes, o caminho da fé passa por estado islâmico como missão sagrada.",estado islâmico,terrorismo_internacional,5
"Para muitos combatentes, o caminho da fé passa por califado_25 como missão sagrada.",califado_25,terrorismo_internacional,5
"Para muitos combatentes, o caminho da fé passa por califado como missão sagrada.",califado,terrorismo_internacional,5
"Para muitos combatentes, o caminho da fé passa por takfir_30 como missão sagrada.",takfir_30,terrorismo_internacional,5
"Para muitos combatentes, o caminho da fé passa por leão do califado_57 como missão sagrada.",leão do califado_57,terrorismo_internacional,5
"Para muitos combatentes, o caminho da fé passa por jihadi bride como missão sagrada.",jihadi bride,terrorismo_internacional,5
"Para muitos combatentes, o caminho da fé passa por combatente estrangeiro_55 como missão sagrada.",combatente estrangeiro_55,terrorismo_internacional,5
"Para muitos combatentes, o caminho da fé passa por sharia total_91 como missão sagrada.",sharia total_91,terrorismo_internacional,5
"Para muitos combatentes, o caminho da fé passa por jihad_63 como missão sagrada.",jihad_63,terrorismo_internacional,5
"Para muitos combatentes, o caminho da fé passa por mártir_84 como missão sagrada.",mártir_84,terrorismo_internacional,5
"Para muitos combatentes, o caminho da fé passa por vídeo de decapitação como missão sagrada.",vídeo de decapitação,terrorismo_internacional,5
"Para muitos combatentes, o caminho da fé passa por shaheed_46 como missão sagrada.",shaheed_46,terrorismo_internacional,5
"Para muitos combatentes, o caminho da fé passa por batalhão do martírio_47 como missão sagrada.",batalhão do martírio_47,terrorismo_internacional,5
"Para muitos combatentes, o caminho da fé passa por fatwa_94 como missão sagrada.",fatwa_94,terrorismo_internacional,5
"Para muitos combatentes, o caminho da fé passa por estado islâmico_20 como missão sagrada.",estado islâmico_20,terrorismo_internacional,5
"Para muitos combatentes, o caminho da fé passa por vídeo de decapitação como missão sagrada.",vídeo de decapitação,terrorismo_internacional,5
"Para muitos combatentes, o caminho da fé passa por vídeo de decapitação_98 como missão sagrada.",vídeo de decapitação_98,terrorismo_internacional,5
"Para muitos combatentes, o caminho da fé passa por jihadi bride_72 como missão sagrada.",jihadi bride_72,terrorismo_internacional,5
"Para muitos combatentes, o caminho da fé passa por vídeo de decapitação_78 como missão sagrada.",vídeo de decapitação_78,terrorismo_internacional,5
"Para muitos combatentes, o caminho da fé passa por ISIS_21 como missão sagrada.",ISIS_21,terrorismo_internacional,5
"Para muitos combatentes, o caminho da fé passa por estado islâmico_80 como missão sagrada.",estado islâmico_80,terrorismo_internacional,5
"Para muitos combatentes, o caminho da fé passa por takfir_90 como missão sagrada.",takfir_90,terrorismo_internacional,5
"Para muitos combatentes, o caminho da fé passa por jihadi bride_72 como missão sagrada.",jihadi bride_72,terrorismo_internacional,5
"Para muitos combatentes, o caminho da fé passa por califado_65 como missão sagrada.",califado_65,terrorismo_internacional,5
"Para muitos combatentes, o caminho da fé passa por combatente estrangeiro_75 como missão sagrada.",combatente estrangeiro_75,terrorismo_internacional,5
"Para muitos combatentes, o caminho da fé passa por combatente estrangeiro_75 como missão sagrada.",combatente estrangeiro_75,terrorismo_internacional,5
"Para muitos combatentes, o caminho da fé passa por shaheed_86 como missão sagrada.",shaheed_86,terrorismo_internacional,5
"Para muitos combatentes, o caminho da fé passa por Al-Qaeda_82 como missão sagrada.",Al-Qaeda_82,terrorismo_internacional,5
"Para muitos combatentes, o caminho da fé passa por shaheed_46 como missão sagrada.",shaheed_46,terrorismo_internacional,5
"Para muitos combatentes, o caminho da fé passa por hijra_69 como missão sagrada.",hijra_69,terrorismo_internacional,5
"Para muitos combatentes, o caminho da fé passa por takfir_30 como missão sagrada.",takfir_30,terrorismo_internacional,5
"Para muitos combatentes, o caminho da fé passa por glorificar Alá como missão sagrada.",glorificar Alá,terrorismo_internacional,5
"Para muitos combatentes, o caminho da fé passa por shaheed_26 como missão sagrada.",shaheed_26,terrorismo_internacional,5
"Para muitos combatentes, o caminho da fé passa por ISIS_81 como missão sagrada.",ISIS_81,terrorismo_internacional,5
"Para muitos combatentes, o caminho da fé passa por fatwa_54 como missão sagrada.",fatwa_54,terrorismo_internacional,5
"Para muitos combatentes, o caminho da fé passa por jihadi bride_72 como missão sagrada.",jihadi bride_72,terrorismo_internacional,5
"Para muitos combatentes, o caminho da fé passa por hijra_69 como missão sagrada.",hijra_69,terrorismo_internacional,5
"Para muitos combatentes, o caminho da fé passa por batalhão do martírio_47 como missão sagrada.",batalhão do martírio_47,terrorismo_internacional,5
"Para muitos combatentes, o caminho da fé passa por glorificar Alá_53 como missão sagrada.",glorificar Alá_53,terrorismo_internacional,5
"Para muitos combatentes, o caminho da fé passa por leão do califado_57 como missão sagrada.",leão do califado_57,terrorismo_internacional,5
"Para muitos combatentes, o caminho da fé passa por jihad_63 como missão sagrada.",jihad_63,terrorismo_internacional,5
"Para muitos combatentes, o caminho da fé passa por soldado do Islã_99 como missão sagrada.",soldado do Islã_99,terrorismo_internacional,5
"Para muitos combatentes, o caminho da fé passa por shaheed_26 como missão sagrada.",shaheed_26,terrorismo_internacional,5
"Para muitos combatentes, o caminho da fé passa por takfir_70 como missão sagrada.",takfir_70,terrorismo_internacional,5
"Para muitos combatentes, o caminho da fé passa por mártir_84 como missão sagrada.",mártir_84,terrorismo_internacional,5
"Para muitos combatentes, o caminho da fé passa por jihad como missão sagrada.",jihad,terrorismo_internacional,5
"Para muitos combatentes, o caminho da fé passa por vídeo de decapitação_78 como missão sagrada.",vídeo de decapitação_78,terrorismo_internacional,5
"Para muitos combatentes, o caminho da fé passa por Al-Qaeda_22 como missão sagrada.",Al-Qaeda_22,terrorismo_internacional,5
"Para muitos combatentes, o caminho da fé passa por batalhão do martírio_47 como missão sagrada.",batalhão do martírio_47,terrorismo_internacional,5
"Para muitos combatentes, o caminho da fé passa por Al-Qaeda_82 como missão sagrada.",Al-Qaeda_82,terrorismo_internacional,5
"Para muitos combatentes, o caminho da fé passa por hijra_69 como missão sagrada.",hijra_69,terrorismo_internacional,5
"Para muitos combatentes, o caminho da fé passa por shaheed_66 como missão sagrada.",shaheed_66,terrorismo_internacional,5
"Para muitos combatentes, o caminho da fé passa por batalhão do martírio_47 como missão sagrada.",batalhão do martírio_47,terrorismo_internacional,5
"Para muitos combatentes, o caminho da fé passa por Al-Qaeda_42 como missão sagrada.",Al-Qaeda_42,terrorismo_internacional,5
"Para muitos combatentes, o caminho da fé passa por shaheed_66 como missão sagrada.",shaheed_66,terrorismo_internacional,5
"Para muitos combatentes, o caminho da fé passa por shaheed_66 como missão sagrada.",shaheed_66,terrorismo_internacional,5
"Para muitos combatentes, o caminho da fé passa por shaheed_86 como missão sagrada.",shaheed_86,terrorismo_internacional,5
"Para muitos combatentes, o caminho da fé passa por fatwa_34 como missão sagrada.",fatwa_34,terrorismo_internacional,5
"Para muitos combatentes, o caminho da fé passa por hijra como missão sagrada.",hijra,terrorismo_internacional,5
"Para muitos combatentes, o caminho da fé passa por shaheed_46 como missão sagrada.",shaheed_46,terrorismo_internacional,5
"Para muitos combatentes, o caminho da fé passa por estado islâmico_80 como missão sagrada.",estado islâmico_80,terrorismo_internacional,5
"Para muitos combatentes, o caminho da fé passa por hijra_89 como missão sagrada.",hijra_89,terrorismo_internacional,5
"Para muitos combatentes, o caminho da fé passa por ISIS_41 como missão sagrada.",ISIS_41,terrorismo_internacional,5
"Para muitos combatentes, o caminho da fé passa por califado_85 como missão sagrada.",califado_85,terrorismo_internacional,5
"Para muitos combatentes, o caminho da fé passa por ISIS_61 como missão sagrada.",ISIS_61,terrorismo_internacional,5
"Para muitos combatentes, o caminho da fé passa por fatwa_94 como missão sagrada.",fatwa_94,terrorismo_internacional,5
"Para muitos combatentes, o caminho da fé passa por vídeo de decapitação_38 como missão sagrada.",vídeo de decapitação_38,terrorismo_internacional,5
"Para muitos combatentes, o caminho da fé passa por soldado do Islã_59 como missão sagrada.",soldado do Islã_59,terrorismo_internacional,5
"Para muitos combatentes, o caminho da fé passa por hijra_89 como missão sagrada.",hijra_89,terrorismo_internacional,5
"Para muitos combatentes, o caminho da fé passa por combatente estrangeiro_95 como missão sagrada.",combatente estrangeiro_95,terrorismo_internacional,5
"Para muitos combatentes, o caminho da fé passa por jihadi bride_32 como missão sagrada.",jihadi bride_32,terrorismo_internacional,5
"Para muitos combatentes, o caminho da fé passa por jihad como missão sagrada.",jihad,terrorismo_internacional,5
"Para muitos combatentes, o caminho da fé passa por batalhão do martírio_67 como missão sagrada.",batalhão do martírio_67,terrorismo_internacional,5
"Para muitos combatentes, o caminho da fé passa por leão do califado_37 como missão sagrada.",leão do califado_37,terrorismo_internacional,5
"Para muitos combatentes, o caminho da fé passa por batalhão do martírio_87 como missão sagrada.",batalhão do martírio_87,terrorismo_internacional,5
"Para muitos combatentes, o caminho da fé passa por Al-Qaeda como missão sagrada.",Al-Qaeda,terrorismo_internacional,5
"Para muitos combatentes, o caminho da fé passa por vídeo de decapitação_78 como missão sagrada.",vídeo de decapitação_78,terrorismo_internacional,5
"Para muitos combatentes, o caminho da fé passa por combatente estrangeiro como missão sagrada.",combatente estrangeiro,terrorismo_internacional,5
"Para muitos combatentes, o caminho da fé passa por sharia total como missão sagrada.",sharia total,terrorismo_internacional,5
"Para muitos combatentes, o caminho da fé passa por vídeo de decapitação_98 como missão sagrada.",vídeo de decapitação_98,terrorismo_internacional,5
"A verdadeira transformação social só virá por meio de ação revolucionária_71, não com reformas brandas.",ação revolucionária_71,esquerda_radical,5
"A verdadeira transformação social só virá por meio de ação direta, não com reformas brandas.",ação direta,esquerda_radical,4
"A verdadeira transformação social só virá por meio de luta de classes_61, não com reformas brandas.",luta de classes_61,esquerda_radical,4
"A verdadeira transformação social só virá por meio de revolução armada_20, não com reformas brandas.",revolução armada_20,esquerda_radical,4
"A verdadeira transformação social só virá por meio de resistência urbana_79, não com reformas brandas.",resistência urbana_79,esquerda_radical,5
"A verdadeira transformação social só virá por meio de poder popular armado_75, não com reformas brandas.",poder popular armado_75,esquerda_radical,5
"A verdadeira transformação social só virá por meio de viva a revolução, não com reformas brandas.",viva a revolução,esquerda_radical,4
"A verdadeira transformação social só virá por meio de destruição da propriedade_89, não com reformas brandas.",destruição da propriedade_89,esquerda_radical,5
"A verdadeira transformação social só virá por meio de coletivo autônomo_24, não com reformas brandas.",coletivo autônomo_24,esquerda_radical,4
"A verdadeira transformação social só virá por meio de células autônomas, não com reformas brandas.",células autônomas,esquerda_radical,4
"A verdadeira transformação social só virá por meio de contra a polícia_58, não com reformas brandas.",contra a polícia_58,esquerda_radical,4
"A verdadeira transformação social só virá por meio de revolução armada_40, não com reformas brandas.",revolução armada_40,esquerda_radical,4
"A verdadeira transformação social só virá por meio de guerra de classes_33, não com reformas brandas.",guerra de classes_33,esquerda_radical,4
"A verdadeira transformação social só virá por meio de poder popular armado_75, não com reformas brandas.",poder popular armado_75,esquerda_radical,5
"A verdadeira transformação social só virá por meio de queima de bancos_37, não com reformas brandas.",queima de bancos_37,esquerda_radical,4
"A verdadeira transformação social só virá por meio de ação direta, não com reformas brandas.",ação direta,esquerda_radical,4
"A verdadeira transformação social só virá por meio de guerra de classes_53, não com reformas brandas.",guerra de classes_53,esquerda_radical,4
"A verdadeira transformação social só virá por meio de destruição da propriedade, não com reformas brandas.",destruição da propriedade,esquerda_radical,4
"A verdadeira transformação social só virá por meio de células autônomas_92, não com reformas brandas.",células autônomas_92,esquerda_radical,5
"A verdadeira transformação social só virá por meio de justiça popular_90, não com reformas brandas.",justiça popular_90,esquerda_radical,5
"A verdadeira transformação social só virá por meio de revolução armada_40, não com reformas brandas.",revolução armada_40,esquerda_radical,4
"A verdadeira transformação social só virá por meio de justiça popular_50, não com reformas brandas.",justiça popular_50,esquerda_radical,4
"A verdadeira transformação social só virá por meio de linha dura_36, não com reformas brandas.",linha dura_36,esquerda_radical,4
"A verdadeira transformação social só virá por meio de justiça popular_30, não com reformas brandas.",justiça popular_30,esquerda_radical,4
"A verdadeira transformação social só virá por meio de anarcocomunismo_28, não com reformas brandas.",anarcocomunismo_28,esquerda_radical,4
"A verdadeira transformação social só virá por meio de viva a revolução_34, não com reformas brandas.",viva a revolução_34,esquerda_radical,4
"A verdadeira transformação social só virá por meio de anarcocomunismo_88, não com reformas brandas.",anarcocomunismo_88,esquerda_radical,5
"A verdadeira transformação social só virá por meio de guerra de classes_93, não com reformas brandas.",guerra de classes_93,esquerda_radical,5
"A verdadeira transformação social só virá por meio de ação revolucionária_31, não com reformas brandas.",ação revolucionária_31,esquerda_radical,4
"A verdadeira transformação social só virá por meio de coletivo autônomo, não com reformas brandas.",coletivo autônomo,esquerda_radical,4
"A verdadeira transformação social só virá por meio de ação direta_23, não com reformas brandas.",ação direta_23,esquerda_radical,4
"A verdadeira transformação social só virá por meio de expropriação_22, não com reformas brandas.",expropriação_22,esquerda_radical,4
"A verdadeira transformação social só virá por meio de resistência urbana_39, não com reformas brandas.",resistência urbana_39,esquerda_radical,4
"A verdadeira transformação social só virá por meio de anticapitalismo radical_47, não com reformas brandas.",anticapitalismo radical_47,esquerda_radical,4
"A verdadeira transformação social só virá por meio de destruição da propriedade_89, não com reformas brandas.",destruição da propriedade_89,esquerda_radical,5
"A verdadeira transformação social só virá por meio de militância insurrecional, não com reformas brandas.",militância insurrecional,esquerda_radical,4
"A verdadeira transformação social só virá por meio de viva a revolução, não com reformas brandas.",viva a revolução,esquerda_radical,4
"A verdadeira transformação social só virá por meio de justiça popular, não com reformas brandas.",justiça popular,esquerda_radical,4
"A verdadeira transformação social só virá por meio de resistência urbana_79, não com reformas brandas.",resistência urbana_79,esquerda_radical,5
"A verdadeira transformação social só virá por meio de anarcocomunismo, não com reformas brandas.",anarcocomunismo,esquerda_radical,4
"A verdadeira transformação social só virá por meio de justiça popular_30, não com reformas brandas.",justiça popular_30,esquerda_radical,4
"A verdadeira transformação social só virá por meio de anticapitalismo radical_27, não com reformas brandas.",anticapitalismo radical_27,esquerda_radical,4
"A verdadeira transformação social só virá por meio de viva a revolução, não com reformas brandas.",viva a revolução,esquerda_radical,4
"A verdadeira transformação social só virá por meio de poder popular armado_95, não com reformas brandas.",poder popular armado_95,esquerda_radical,5
"A verdadeira transformação social só virá por meio de linha dura_36, não com reformas brandas.",linha dura_36,esquerda_radical,4
"A verdadeira transformação social só virá por meio de justiça popular_90, não com reformas brandas.",justiça popular_90,esquerda_radical,5
"A verdadeira transformação social só virá por meio de justiça popular, não com reformas brandas.",justiça popular,esquerda_radical,4
"A verdadeira transformação social só virá por meio de luta de classes, não com reformas brandas.",luta de classes,esquerda_radical,4
"A verdadeira transformação social só virá por meio de contra a polícia_38, não com reformas brandas.",contra a polícia_38,esquerda_radical,4
"A verdadeira transformação social só virá por meio de guerra de classes, não com reformas brandas.",guerra de classes,esquerda_radical,4
"A verdadeira transformação social só virá por meio de linha dura_76, não com reformas brandas.",linha dura_76,esquerda_radical,5
"A verdadeira transformação social só virá por meio de ação direta_43, não com reformas brandas.",ação direta_43,esquerda_radical,4
"A verdadeira transformação social só virá por meio de queima de bancos_97, não com reformas brandas.",queima de bancos_97,esquerda_radical,5
"A verdadeira transformação social só virá por meio de luta de classes, não com reformas brandas.",luta de classes,esquerda_radical,4
"A verdadeira transformação social só virá por meio de células autônomas, não com reformas brandas.",células autônomas,esquerda_radical,4
"A verdadeira transformação social só virá por meio de ação direta, não com reformas brandas.",ação direta,esquerda_radical,4
"A verdadeira transformação social só virá por meio de guerra de classes_93, não com reformas brandas.",guerra de classes_93,esquerda_radical,5
"A verdadeira transformação social só virá por meio de anarcocomunismo_48, não com reformas brandas.",anarcocomunismo_48,esquerda_radical,4
"A verdadeira transformação social só virá por meio de ação direta_43, não com reformas brandas.",ação direta_43,esquerda_radical,4
"A verdadeira transformação social só virá por meio de justiça popular_90, não com reformas brandas.",justiça popular_90,esquerda_radical,5
"A verdadeira transformação social só virá por meio de guerra de classes, não com reformas brandas.",guerra de classes,esquerda_radical,4
"A verdadeira transformação social só virá por meio de guerra de classes, não com reformas brandas.",guerra de classes,esquerda_radical,4
"A verdadeira transformação social só virá por meio de resistência urbana_99, não com reformas brandas.",resistência urbana_99,esquerda_radical,5
"A verdadeira transformação social só virá por meio de quebra-quebra, não com reformas brandas.",quebra-quebra,esquerda_radical,4
"A verdadeira transformação social só virá por meio de ação revolucionária, não com reformas brandas.",ação revolucionária,esquerda_radical,4
"A verdadeira transformação social só virá por meio de anarcocomunismo_28, não com reformas brandas.",anarcocomunismo_28,esquerda_radical,4
"A verdadeira transformação social só virá por meio de coletivo autônomo_84, não com reformas brandas.",coletivo autônomo_84,esquerda_radical,5
"A verdadeira transformação social só virá por meio de viva a revolução_94, não com reformas brandas.",viva a revolução_94,esquerda_radical,5
"A verdadeira transformação social só virá por meio de militância insurrecional, não com reformas brandas.",militância insurrecional,esquerda_radical,4
"A verdadeira transformação social só virá por meio de anarcocomunismo_68, não com reformas brandas.",anarcocomunismo_68,esquerda_radical,4
"A verdadeira transformação social só virá por meio de linha dura_56, não com reformas brandas.",linha dura_56,esquerda_radical,4
"A verdadeira transformação social só virá por meio de ação direta, não com reformas brandas.",ação direta,esquerda_radical,4
"A verdadeira transformação social só virá por meio de células autônomas, não com reformas brandas.",células autônomas,esquerda_radical,4
"A verdadeira transformação social só virá por meio de expropriação_62, não com reformas brandas.",expropriação_62,esquerda_radical,4
"A verdadeira transformação social só virá por meio de expropriação_42, não com reformas brandas.",expropriação_42,esquerda_radical,4
"A verdadeira transformação social só virá por meio de quebra-quebra, não com reformas brandas.",quebra-quebra,esquerda_radical,4
"A verdadeira transformação social só virá por meio de queima de bancos_37, não com reformas brandas.",queima de bancos_37,esquerda_radical,4
"A verdadeira transformação social só virá por meio de anarcocomunismo_68, não com reformas brandas.",anarcocomunismo_68,esquerda_radical,4
"A verdadeira transformação social só virá por meio de contra a polícia_98, não com reformas brandas.",contra a polícia_98,esquerda_radical,5
"A verdadeira transformação social só virá por meio de coletivo autônomo_84, não com reformas brandas.",coletivo autônomo_84,esquerda_radical,5
"A verdadeira transformação social só virá por meio de militância insurrecional_26, não com reformas brandas.",militância insurrecional_26,esquerda_radical,4
"A verdadeira transformação social só virá por meio de resistência urbana_79, não com reformas brandas.",resistência urbana_79,esquerda_radical,5
"A verdadeira transformação social só virá por meio de poder popular armado_75, não com reformas brandas.",poder popular armado_75,esquerda_radical,5
"A verdadeira transformação social só virá por meio de poder popular armado_35, não com reformas brandas.",poder popular armado_35,esquerda_radical,4
"A verdadeira transformação social só virá por meio de células autônomas_32, não com reformas brandas.",células autônomas_32,esquerda_radical,4
"A verdadeira transformação social só virá por meio de queima de bancos_77, não com reformas brandas.",queima de bancos_77,esquerda_radical,5
"A verdadeira transformação social só virá por meio de linha dura_36, não com reformas brandas.",linha dura_36,esquerda_radical,4
"A verdadeira transformação social só virá por meio de viva a revolução, não com reformas brandas.",viva a revolução,esquerda_radical,4
"A verdadeira transformação social só virá por meio de expropriação, não com reformas brandas.",expropriação,esquerda_radical,4
"A verdadeira transformação social só virá por meio de anarcocomunismo_88, não com reformas brandas.",anarcocomunismo_88,esquerda_radical,5
"A verdadeira transformação social só virá por meio de viva a revolução_94, não com reformas brandas.",viva a revolução_94,esquerda_radical,5
"A verdadeira transformação social só virá por meio de luta de classes, não com reformas brandas.",luta de classes,esquerda_radical,4
"A verdadeira transformação social só virá por meio de guerra de classes_53, não com reformas brandas.",guerra de classes_53,esquerda_radical,4
"A verdadeira transformação social só virá por meio de quebra-quebra_65, não com reformas brandas.",quebra-quebra_65,esquerda_radical,4
"A verdadeira transformação social só virá por meio de quebra-quebra_65, não com reformas brandas.",quebra-quebra_65,esquerda_radical,4
"A verdadeira transformação social só virá por meio de coletivo autônomo_24, não com reformas brandas.",coletivo autônomo_24,esquerda_radical,4
"A verdadeira transformação social só virá por meio de linha dura_76, não com reformas brandas.",linha dura_76,esquerda_radical,5
"A verdadeira transformação social só virá por meio de justiça popular_30, não com reformas brandas.",justiça popular_30,esquerda_radical,4
"A verdadeira transformação social só virá por meio de contra a polícia_98, não com reformas brandas.",contra a polícia_98,esquerda_radical,5
"A verdadeira transformação social só virá por meio de guerra de classes_53, não com reformas brandas.",guerra de classes_53,esquerda_radical,4
